{
	"song": {
		"player1": "khaki",
		"sectionLengths": [],
		"notes": [
			{
				"typeOfSection": 0,
				"lengthInSteps": 16,
				"sectionNotes": [
					[
						400,
						2,
						0
					],
					[
						700,
						1,
						0
					],
					[
						900,
						3,
						0
					],
					[
						1200,
						1,
						0
					],
					[
						1400,
						2,
						0
					],
					[
						93.75,
						1,
						0
					]
				],
				"mustHitSection": true
			},
			{
				"typeOfSection": 0,
				"lengthInSteps": 16,
				"sectionNotes": [
					[
						1700,
						0,
						0
					],
					[
						2400,
						1,
						0
					]
				],
				"mustHitSection": true
			},
			{
				"typeOfSection": 0,
				"lengthInSteps": 16,
				"sectionNotes": [
					[
						3300,
						0,
						0
					],
					[
						3300,
						1,
						0
					],
					[
						3300,
						2,
						0
					],
					[
						3300,
						3,
						0
					],
					[
						3400,
						3,
						0
					],
					[
						3400,
						1,
						0
					],
					[
						3400,
						0,
						0
					],
					[
						3500,
						0,
						0
					],
					[
						3500,
						1,
						0
					],
					[
						3500,
						2,
						0
					],
					[
						3500,
						3,
						0
					],
					[
						3404.25531914894,
						2,
						0
					],
					[
						3617.02127659574,
						3,
						0
					],
					[
						3617.02127659574,
						2,
						0
					],
					[
						3617.02127659574,
						1,
						0
					],
					[
						3617.02127659574,
						0,
						0
					],
					[
						3723.40425531915,
						0,
						0
					],
					[
						3723.40425531915,
						1,
						0
					],
					[
						3723.40425531915,
						2,
						0
					],
					[
						3723.40425531915,
						3,
						0
					],
					[
						3829.78723404255,
						3,
						0
					],
					[
						3829.78723404255,
						1,
						0
					],
					[
						3600,
						2,
						0
					],
					[
						3800,
						0,
						0
					],
					[
						3800,
						2,
						0
					],
					[
						3287.67123287671,
						2,
						0
					],
					[
						3904.1095890411,
						2,
						0
					],
					[
						3904.1095890411,
						0,
						0
					],
					[
						3825.5033557047,
						1,
						0
					],
					[
						3926.1744966443,
						3,
						0
					],
					[
						3823.52941176471,
						1,
						0
					],
					[
						3235.29411764706,
						0,
						0
					],
					[
						3235.29411764706,
						1,
						0
					],
					[
						3235.29411764706,
						2,
						0
					],
					[
						3235.29411764706,
						3,
						0
					],
					[
						3137.25490196078,
						3,
						0
					],
					[
						3137.25490196078,
						1,
						0
					],
					[
						3137.25490196078,
						0,
						0
					],
					[
						3952.7027027027,
						1,
						0
					],
					[
						3952.7027027027,
						2,
						0
					],
					[
						3952.7027027027,
						0,
						0
					],
					[
						3952.7027027027,
						3,
						0
					],
					[
						4054.05405405405,
						3,
						0
					],
					[
						4054.05405405405,
						2,
						0
					],
					[
						3896.1038961039,
						0,
						0
					],
					[
						3116.88311688312,
						0,
						0
					],
					[
						3116.88311688312,
						1,
						0
					],
					[
						3116.88311688312,
						2,
						0
					],
					[
						3214.28571428571,
						2,
						0
					],
					[
						3116.88311688312,
						3,
						0
					],
					[
						3937.5,
						1,
						0
					],
					[
						3093.75,
						0,
						0
					],
					[
						3093.75,
						1,
						0
					],
					[
						3000,
						2,
						0
					],
					[
						3000,
						3,
						0
					],
					[
						3000,
						0,
						0
					],
					[
						3000,
						1,
						0
					],
					[
						4031.25,
						0,
						0
					],
					[
						4031.25,
						1,
						0
					],
					[
						4125,
						1,
						0
					],
					[
						4125,
						0,
						0
					],
					[
						4125,
						2,
						0
					],
					[
						4125,
						3,
						0
					]
				],
				"mustHitSection": true
			},
			{
				"typeOfSection": 0,
				"lengthInSteps": 16,
				"sectionNotes": [],
				"mustHitSection": true
			},
			{
				"typeOfSection": 0,
				"lengthInSteps": 16,
				"sectionNotes": [
					[
						9600,
						0,
						0
					],
					[
						10800,
						3,
						0
					]
				],
				"mustHitSection": false
			},
			{
				"typeOfSection": 0,
				"lengthInSteps": 16,
				"sectionNotes": [
					[
						12000,
						0,
						0
					],
					[
						13200,
						3,
						0
					]
				],
				"mustHitSection": false
			},
			{
				"typeOfSection": 0,
				"lengthInSteps": 16,
				"sectionNotes": [
					[
						14400,
						0,
						0
					],
					[
						15600,
						3,
						0
					]
				],
				"mustHitSection": true
			},
			{
				"typeOfSection": 0,
				"lengthInSteps": 16,
				"sectionNotes": [
					[
						16800,
						0,
						0
					],
					[
						18000,
						3,
						0
					]
				],
				"mustHitSection": true
			},
			{
				"typeOfSection": 0,
				"lengthInSteps": 16,
				"sectionNotes": [
					[
						19200,
						2,
						0
					],
					[
						20400,
						1,
						0
					]
				],
				"mustHitSection": false
			},
			{
				"typeOfSection": 0,
				"lengthInSteps": 16,
				"sectionNotes": [
					[
						21600,
						2,
						0
					],
					[
						22800,
						1,
						0
					]
				],
				"mustHitSection": false
			},
			{
				"typeOfSection": 0,
				"lengthInSteps": 16,
				"sectionNotes": [
					[
						24000,
						2,
						0
					],
					[
						25200,
						1,
						0
					]
				],
				"mustHitSection": true
			},
			{
				"typeOfSection": 0,
				"lengthInSteps": 16,
				"sectionNotes": [
					[
						26400,
						2,
						0
					],
					[
						27600,
						1,
						0
					]
				],
				"mustHitSection": true
			},
			{
				"typeOfSection": 0,
				"lengthInSteps": 16,
				"sectionNotes": [
					[
						28800,
						0,
						0
					],
					[
						30000,
						2,
						0
					]
				],
				"mustHitSection": false
			},
			{
				"typeOfSection": 0,
				"lengthInSteps": 16,
				"sectionNotes": [
					[
						31200,
						1,
						0
					],
					[
						32400,
						3,
						0
					]
				],
				"mustHitSection": false
			},
			{
				"typeOfSection": 0,
				"lengthInSteps": 16,
				"sectionNotes": [
					[
						33600,
						0,
						0
					],
					[
						34800,
						2,
						0
					]
				],
				"mustHitSection": true
			},
			{
				"typeOfSection": 0,
				"lengthInSteps": 16,
				"sectionNotes": [
					[
						36000,
						1,
						0
					],
					[
						37200,
						3,
						0
					]
				],
				"mustHitSection": true
			},
			{
				"typeOfSection": 0,
				"lengthInSteps": 16,
				"sectionNotes": [
					[
						38400,
						1,
						0
					],
					[
						39000,
						1,
						0
					],
					[
						39600,
						2,
						0
					]
				],
				"mustHitSection": false
			},
			{
				"typeOfSection": 0,
				"lengthInSteps": 16,
				"sectionNotes": [
					[
						40800,
						1,
						0
					],
					[
						41400,
						1,
						0
					],
					[
						42000,
						3,
						0
					]
				],
				"mustHitSection": false
			},
			{
				"typeOfSection": 0,
				"lengthInSteps": 16,
				"sectionNotes": [
					[
						43200,
						1,
						0
					],
					[
						43800,
						1,
						0
					],
					[
						44400,
						2,
						0
					]
				],
				"mustHitSection": true
			},
			{
				"typeOfSection": 0,
				"lengthInSteps": 16,
				"sectionNotes": [
					[
						45600,
						1,
						0
					],
					[
						46200,
						1,
						0
					],
					[
						46800,
						3,
						0
					]
				],
				"mustHitSection": true
			},
			{
				"typeOfSection": 0,
				"lengthInSteps": 16,
				"sectionNotes": [
					[
						48000,
						1,
						0
					],
					[
						48300,
						2,
						0
					],
					[
						48600,
						3,
						0
					],
					[
						48900,
						2,
						0
					],
					[
						49800,
						3,
						0
					]
				],
				"mustHitSection": false
			},
			{
				"typeOfSection": 0,
				"lengthInSteps": 16,